id,target
0,0.14345615
2,0.14345615
3,0.14345615
9,0.14345615
11,0.14345615
12,0.14345615
21,0.14345615
22,0.14345615
27,0.14345615
29,0.14345615
30,0.14345615
35,0.14345615
42,0.14345615
43,0.14345615
45,0.14345616
46,0.14345615
47,0.14345615
51,0.14345615
58,0.14345615
60,0.14345615
69,0.14345615
70,0.14345615
72,0.14345615
75,0.14345615
84,0.14345615
87,0.14345615
88,0.14345615
90,0.14345615
94,0.14345615
99,0.14345615
101,0.14345615
103,0.14345615
106,0.14345615
108,0.14345615
111,0.14345615
115,0.14345615
116,0.14345615
122,0.14345615
123,0.14345615
124,0.14345615
125,0.14345615
127,0.14345615
140,0.14345615
142,0.14345615
147,0.14345615
148,0.14345615
150,0.14345615
152,0.14345615
154,0.14345615
155,0.14345615
166,0.14345615
167,0.14345615
169,0.14345615
177,0.14345615
179,0.14345603
181,0.14345615
186,0.14345615
188,0.14345615
189,0.14345615
192,0.14345603
200,0.14345615
202,0.14345615
206,0.14345615
207,0.14345615
214,0.14345615
217,0.14345615
223,0.14345615
224,0.14345615
227,0.14345615
228,0.14345615
230,0.14345615
233,0.14345615
234,0.14345615
236,0.14345615
239,0.14345615
250,0.14345615
255,0.14345615
257,0.14345615
259,0.14345615
275,0.14345615
278,0.14345615
282,0.14345615
284,0.14345615
286,0.14345615
288,0.14345615
292,0.14345615
295,0.14345615
300,0.14345615
304,0.14345615
305,0.14345615
306,0.14345615
308,0.14345615
311,0.14345615
317,0.14345615
319,0.14345615
323,0.14345615
324,0.14345615
325,0.14345615
326,0.14345615
333,0.14345615
339,0.14345615
342,0.14345615
343,0.14345615
350,0.14345615
351,0.14345615
357,0.14345615
359,0.14345615
362,0.14345615
366,0.14345615
367,0.14345615
369,0.14345615
373,0.14345615
374,0.14345615
376,0.14345615
377,0.14345615
378,0.14345615
379,0.14345615
382,0.14345615
385,0.14345615
387,0.14345615
388,0.14345615
391,0.14345615
392,0.14345615
395,0.14345615
399,0.14345615
400,0.14345615
403,0.14345615
405,0.14345615
408,0.14345615
411,0.14345615
414,0.14345615
416,0.14345615
417,0.14345615
422,0.14345615
425,0.14345615
428,0.14345615
430,0.14345615
431,0.14345615
433,0.14345615
434,0.14345615
439,0.14345615
441,0.14345615
449,0.14345615
458,0.14345615
460,0.14345615
464,0.14345615
473,0.14345615
488,0.14345615
491,0.14345615
494,0.14345615
497,0.14345615
500,0.14345615
505,0.14345615
507,0.14345615
508,0.14345615
510,0.14345615
511,0.14345615
515,0.14345615
525,0.14345615
529,0.14345615
532,0.14345615
534,0.14345615
537,0.14345615
539,0.14345615
541,0.14345615
545,0.14345615
547,0.14345615
548,0.14345615
549,0.14345615
553,0.14345615
554,0.14345615
555,0.14345615
557,0.14345615
562,0.14345615
566,0.14345615
572,0.14345615
573,0.14345615
582,0.14345615
586,0.14345615
587,0.14345615
590,0.14345615
591,0.14345615
593,0.14345615
595,0.14345615
596,0.14345615
597,0.14345615
601,0.14345615
602,0.14345615
605,0.14345615
610,0.14345615
616,0.14345615
618,0.14345615
620,0.14345615
626,0.14345615
627,0.14345615
629,0.14345615
632,0.14345615
634,0.14345615
639,0.14345615
645,0.14345615
647,0.14345615
648,0.14345615
650,0.14345615
663,0.14345615
666,0.14345615
668,0.14345615
670,0.14345615
673,0.14345615
676,0.14345615
678,0.14345615
692,0.14345615
693,0.14345615
694,0.14345615
695,0.14345615
696,0.14345615
698,0.14345615
701,0.14345615
703,0.14345615
707,0.14345615
708,0.14345615
711,0.14345615
715,0.14345615
718,0.14345615
722,0.14345615
723,0.14345615
733,0.14345615
741,0.14345615
742,0.14345615
743,0.14345615
747,0.14345615
749,0.14345615
750,0.14345615
756,0.14345615
757,0.14345615
760,0.14345615
764,0.14345615
765,0.14345615
766,0.14345615
768,0.14345615
769,0.14345615
771,0.14345615
772,0.14345615
776,0.14345615
778,0.14345615
780,0.14345615
785,0.14345615
789,0.14345615
792,0.14345615
793,0.14345615
811,0.14345615
813,0.14345615
816,0.14345615
821,0.14345615
824,0.14345615
825,0.14345615
827,0.14345615
830,0.14345615
831,0.14345615
839,0.14345615
844,0.14345615
847,0.14345615
850,0.14345615
854,0.14345615
855,0.14345615
858,0.14345615
861,0.14345615
862,0.14345615
865,0.14345615
869,0.14345615
879,0.14345615
880,0.14345615
887,0.14345615
889,0.14345615
897,0.14345615
900,0.14345615
901,0.14345615
904,0.14345615
908,0.14345615
909,0.14345615
910,0.14345615
913,0.14345615
914,0.14345615
917,0.14345615
918,0.14345615
920,0.14345615
922,0.14345615
924,0.14345615
925,0.14345615
927,0.14345615
933,0.14345615
937,0.14345615
943,0.14345615
949,0.14345615
950,0.14345615
954,0.14345615
966,0.14345615
967,0.14345615
969,0.14345615
970,0.14345615
973,0.14345615
975,0.14345615
980,0.14345615
988,0.14345615
989,0.14345615
995,0.14345615
1000,0.14345615
1003,0.14345615
1007,0.14345615
1011,0.14345615
1012,0.14345615
1013,0.14345615
1014,0.14345615
1016,0.14345615
1019,0.14345615
1025,0.14345615
1027,0.14345615
1028,0.14345615
1030,0.14345615
1033,0.14345615
1034,0.14345615
1039,0.14345615
1046,0.14345615
1047,0.14345615
1053,0.14345615
1055,0.14345615
1056,0.14345615
1059,0.14345615
1060,0.14345615
1063,0.14345615
1064,0.14345615
1068,0.14345615
1076,0.14345615
1086,0.14345615
1087,0.14345615
1089,0.14345615
1092,0.14345615
1095,0.14345615
1096,0.14345615
1097,0.14345615
1100,0.14345615
1101,0.14345615
1107,0.14345615
1108,0.14345615
1111,0.14345615
1115,0.14345615
1116,0.14345615
1121,0.14345615
1125,0.14345615
1127,0.14345615
1131,0.14345615
1133,0.14345615
1135,0.14345615
1137,0.14345615
1140,0.14345615
1144,0.14345615
1147,0.14345615
1148,0.14345615
1150,0.14345615
1158,0.14345615
1159,0.14345615
1161,0.14345615
1163,0.14345615
1165,0.14345615
1169,0.14345615
1171,0.14345615
1172,0.14345615
1176,0.14345615
1180,0.14345615
1184,0.14345615
1186,0.14345615
1187,0.14345615
1192,0.14345615
1193,0.14345615
1194,0.14345615
1197,0.14345615
1200,0.14345615
1205,0.14345615
1210,0.14345615
1216,0.14345615
1220,0.14345615
1231,0.14345615
1233,0.14345615
1246,0.14345615
1247,0.14345615
1248,0.14345615
1255,0.14345615
1256,0.14345615
1257,0.14345615
1258,0.14345615
1260,0.14345615
1261,0.14345615
1265,0.14345615
1266,0.14345615
1268,0.14345615
1274,0.14345615
1281,0.14345615
1285,0.14345615
1286,0.14345615
1291,0.14345615
1292,0.14345615
1295,0.14345615
1299,0.14345615
1306,0.14345615
1310,0.14345615
1311,0.14345615
1313,0.14345615
1314,0.14345615
1322,0.14345615
1323,0.14345615
1325,0.14345615
1329,0.14345615
1330,0.14345615
1333,0.14345615
1336,0.14345615
1339,0.14345615
1342,0.14345615
1344,0.14345615
1355,0.14345615
1357,0.14345615
1358,0.14345615
1359,0.14345615
1364,0.14345615
1366,0.14345615
1367,0.14345615
1370,0.14345615
1373,0.14345615
1377,0.14345615
1386,0.14345615
1387,0.14345615
1392,0.14345615
1397,0.14345615
1398,0.14345615
1400,0.14345615
1403,0.14345615
1404,0.14345615
1410,0.14345615
1413,0.14345615
1416,0.14345615
1417,0.14345615
1423,0.14345615
1424,0.14345615
1426,0.14345615
1427,0.14345615
1428,0.14345615
1430,0.14345615
1434,0.14345615
1435,0.14345615
1437,0.14345615
1438,0.14345615
1442,0.14345615
1446,0.14345615
1451,0.14345615
1457,0.14345615
1461,0.14345615
1462,0.14345615
1465,0.14345615
1468,0.14345615
1469,0.14345615
1471,0.14345615
1476,0.14345615
1478,0.14345615
1481,0.14345615
1489,0.14345615
1490,0.14345615
1492,0.14345615
1496,0.14345615
1512,0.14345615
1516,0.14345615
1517,0.14345615
1528,0.14345615
1529,0.14345615
1536,0.14345615
1539,0.14345615
1541,0.14345615
1542,0.14345615
1548,0.14345615
1550,0.14345615
1551,0.14345615
1552,0.14345615
1557,0.14345615
1563,0.14345615
1564,0.14345615
1565,0.14345615
1566,0.14345615
1571,0.14345615
1578,0.14345615
1581,0.14345615
1583,0.14345615
1584,0.14345615
1586,0.14345615
1589,0.14345615
1592,0.14345615
1598,0.14345615
1606,0.14345615
1612,0.14345615
1616,0.14345615
1620,0.14345615
1624,0.14345615
1629,0.14345615
1630,0.14345615
1635,0.14345615
1640,0.14345615
1641,0.14345615
1642,0.14345615
1651,0.14345615
1655,0.14345615
1656,0.14345615
1659,0.14345615
1664,0.14345615
1667,0.14345615
1668,0.14345615
1674,0.14345615
1678,0.14345615
1680,0.14345615
1681,0.14345615
1682,0.14345615
1685,0.14345615
1695,0.14345615
1696,0.14345615
1697,0.14345615
1704,0.14345615
1708,0.14345615
1711,0.14345615
1713,0.14345615
1714,0.14345615
1717,0.14345615
1729,0.14345615
1730,0.14345615
1732,0.14345615
1734,0.14345615
1736,0.14345615
1738,0.14345615
1742,0.14345615
1743,0.14345615
1746,0.14345615
1748,0.14345615
1749,0.14345615
1751,0.14345615
1758,0.14345615
1764,0.14345615
1765,0.14345615
1777,0.14345615
1778,0.14345615
1781,0.14345615
1782,0.14345615
1783,0.14345615
1785,0.14345615
1788,0.14345615
1793,0.14345615
1794,0.14345615
1795,0.14345615
1797,0.14345615
1800,0.14345615
1801,0.14345615
1805,0.14345615
1806,0.14345615
1819,0.14345615
1820,0.14345615
1825,0.14345615
1828,0.14345615
1829,0.14345615
1830,0.14345615
1839,0.14345615
1843,0.14345615
1844,0.14345615
1846,0.14345615
1849,0.14345615
1850,0.14345615
1854,0.14345615
1855,0.14345615
1858,0.14345615
1859,0.14345615
1862,0.14345615
1867,0.14345615
1868,0.14345615
1871,0.14345615
1872,0.14345615
1874,0.14345615
1876,0.14345615
1879,0.14345615
1884,0.14345615
1891,0.14345615
1894,0.14345615
1896,0.14345615
1902,0.14345615
1903,0.14345615
1904,0.14345615
1906,0.14345615
1907,0.14345615
1912,0.14345615
1913,0.14345615
1923,0.14345615
1926,0.14345615
1928,0.14345615
1930,0.14345615
1931,0.14345615
1934,0.14345615
1936,0.14345615
1944,0.14345615
1946,0.14345615
1947,0.14345615
1958,0.14345615
1964,0.14345615
1970,0.14345615
1974,0.14345615
1977,0.14345615
1978,0.14345615
1982,0.14345615
1984,0.14345615
1988,0.14345615
1993,0.14345615
1997,0.14345615
1998,0.14345615
2002,0.14345615
2004,0.14345615
2005,0.14345615
2008,0.14345615
2011,0.14345615
2013,0.14345615
2018,0.14345615
2021,0.14345615
2025,0.14345615
2029,0.14345615
2030,0.14345615
2032,0.14345615
2037,0.14345615
2041,0.14345615
2044,0.14345615
2048,0.14345615
2052,0.14345615
2053,0.14345615
2054,0.14345615
2062,0.14345616
2065,0.14345615
2066,0.14345615
2072,0.14345615
2079,0.14345615
2080,0.14345615
2085,0.14345615
2088,0.14345615
2090,0.14345615
2092,0.14345615
2093,0.14345615
2101,0.14345615
2104,0.14345616
2105,0.14345615
2106,0.14345615
2107,0.14345615
2120,0.14345615
2124,0.14345615
2127,0.14345615
2130,0.14345615
2132,0.14345615
2135,0.14345615
2137,0.14345615
2140,0.14345615
2143,0.14345615
2147,0.14345615
2151,0.14345615
2152,0.14345615
2155,0.14345615
2156,0.14345615
2162,0.14345615
2165,0.14345615
2166,0.14345615
2167,0.14345615
2168,0.14345615
2170,0.14345615
2178,0.14345615
2180,0.14345615
2182,0.14345615
2184,0.14345615
2185,0.14345615
2187,0.14345615
2196,0.14345615
2197,0.14345615
2199,0.14345615
2200,0.14345615
2201,0.14345615
2202,0.14345615
2206,0.14345615
2208,0.14345615
2218,0.14345615
2223,0.14345615
2224,0.14345615
2226,0.14345615
2228,0.14345615
2232,0.14345615
2234,0.14345615
2243,0.14345615
2247,0.14345615
2249,0.14345615
2252,0.14345615
2253,0.14345615
2259,0.14345615
2261,0.14345615
2264,0.14345615
2268,0.14345615
2269,0.14345615
2270,0.14345615
2276,0.14345615
2283,0.14345615
2287,0.14345615
2290,0.14345615
2291,0.14345615
2293,0.14345615
2295,0.14345615
2302,0.14345615
2305,0.14345615
2310,0.14345615
2313,0.14345615
2316,0.14345615
2320,0.14345615
2322,0.14345615
2323,0.14345615
2326,0.14345615
2328,0.14345615
2331,0.14345615
2335,0.14345615
2338,0.14345615
2343,0.14345615
2344,0.14345615
2345,0.14345615
2353,0.14345615
2355,0.14345615
2357,0.14345615
2360,0.14345615
2365,0.14345615
2369,0.14345615
2371,0.14345615
2378,0.14345615
2380,0.14345615
2381,0.14345615
2383,0.14345615
2384,0.14345615
2392,0.14345615
2393,0.14345615
2401,0.14345615
2403,0.14345615
2404,0.14345615
2405,0.14345615
2407,0.14345615
2411,0.14345615
2424,0.14345615
2426,0.14345615
2431,0.14345615
2433,0.14345615
2434,0.14345615
2436,0.14345615
2439,0.14345615
2444,0.14345615
2447,0.14345615
2448,0.14345615
2449,0.14345615
2450,0.14345615
2461,0.14345615
2469,0.14345615
2472,0.14345615
2473,0.14345615
2474,0.14345615
2477,0.14345615
2481,0.14345615
2484,0.14345615
2495,0.14345615
2503,0.14345615
2509,0.14345615
2511,0.14345615
2518,0.14345615
2522,0.14345615
2525,0.14345615
2526,0.14345615
2529,0.14345615
2533,0.14345615
2549,0.14345615
2551,0.14345615
2558,0.14345615
2562,0.14345615
2563,0.14345615
2567,0.14345615
2574,0.14345615
2577,0.14345616
2578,0.14345616
2580,0.14345615
2581,0.14345615
2583,0.14345615
2584,0.14345615
2586,0.14345615
2589,0.14345615
2595,0.14345615
2596,0.14345615
2600,0.14345615
2601,0.14345615
2607,0.14345615
2610,0.14345615
2613,0.14345615
2615,0.14345615
2618,0.14345615
2620,0.14345615
2623,0.14345615
2626,0.14345615
2630,0.14345615
2634,0.14345615
2636,0.14345615
2638,0.14345615
2639,0.14345615
2646,0.14345615
2650,0.14345615
2652,0.14345615
2653,0.14345615
2654,0.14345615
2662,0.14345615
2665,0.14345615
2669,0.14345615
2674,0.14345615
2678,0.14345615
2681,0.14345615
2685,0.14345615
2686,0.14345615
2690,0.14345615
2697,0.14345615
2699,0.14345615
2704,0.14345615
2705,0.14345615
2710,0.14345615
2712,0.14345615
2713,0.14345615
2716,0.14345615
2717,0.14345615
2718,0.14345615
2721,0.14345615
2722,0.14345615
2735,0.14345615
2737,0.14345615
2738,0.14345615
2742,0.14345615
2745,0.14345615
2746,0.14345615
2747,0.14345615
2750,0.14345615
2751,0.14345615
2754,0.14345615
2762,0.14345615
2764,0.14345615
2772,0.14345615
2775,0.14345615
2776,0.14345615
2779,0.14345615
2781,0.14345615
2789,0.14345615
2790,0.14345615
2791,0.14345615
2798,0.14345615
2800,0.14345615
2804,0.14345615
2805,0.14345615
2806,0.14345615
2809,0.14345615
2810,0.14345615
2812,0.14345616
2814,0.14345615
2816,0.14345615
2818,0.14345615
2823,0.14345615
2824,0.14345615
2834,0.14345615
2837,0.14345615
2840,0.14345615
2845,0.14345615
2847,0.14345615
2848,0.14345615
2850,0.14345615
2859,0.14345615
2862,0.14345615
2868,0.14345615
2874,0.14345615
2876,0.14345615
2892,0.14345615
2894,0.14345615
2897,0.14345615
2901,0.14345615
2903,0.14345615
2904,0.14345615
2906,0.14345615
2914,0.14345615
2918,0.14345615
2919,0.14345615
2923,0.14345615
2926,0.14345615
2928,0.14345615
2930,0.14345615
2938,0.14345615
2940,0.14345615
2949,0.14345615
2951,0.14345615
2958,0.14345615
2961,0.14345615
2962,0.14345616
2964,0.14345615
2966,0.14345615
2967,0.14345615
2968,0.14345615
2972,0.14345615
2977,0.14345615
2978,0.14345615
2979,0.14345615
2981,0.14345615
2985,0.14345615
2986,0.14345615
2989,0.14345615
2994,0.14345615
2996,0.14345615
2997,0.14345615
2999,0.14345615
3002,0.14345615
3007,0.14345615
3008,0.14345615
3017,0.14345615
3020,0.14345615
3024,0.14345615
3028,0.14345615
3031,0.14345615
3032,0.14345615
3033,0.14345615
3035,0.14345615
3040,0.14345615
3041,0.14345615
3046,0.14345615
3050,0.14345615
3063,0.14345616
3065,0.14345615
3067,0.14345616
3069,0.14345615
3076,0.14345615
3078,0.14345615
3081,0.14345615
3087,0.14345615
3088,0.14345615
3094,0.14345615
3096,0.14345615
3098,0.14345615
3103,0.14345615
3110,0.14345615
3113,0.14345615
3121,0.14345615
3127,0.14345615
3128,0.14345615
3129,0.14345615
3135,0.14345615
3143,0.14345615
3146,0.14345615
3148,0.14345615
3149,0.14345615
3151,0.14345615
3156,0.14345615
3160,0.14345615
3164,0.14345615
3169,0.14345615
3178,0.14345615
3187,0.14345615
3194,0.14345615
3202,0.14345615
3203,0.14345615
3204,0.14345615
3206,0.14345615
3207,0.14345615
3208,0.14345615
3209,0.14345615
3213,0.14345615
3214,0.14345615
3215,0.14345615
3220,0.14345615
3223,0.14345615
3224,0.14345615
3226,0.14345615
3228,0.14345615
3230,0.14345615
3232,0.14345615
3233,0.14345615
3234,0.14345615
3238,0.14345615
3246,0.14345615
3247,0.14345615
3250,0.14345615
3251,0.14345615
3254,0.14345615
3257,0.14345615
3258,0.14345615
3261,0.14345615
3267,0.14345615
3268,0.14345615
3269,0.14345615
3271,0.14345615
3272,0.14345615
3273,0.14345615
3279,0.14345615
3290,0.14345615
3291,0.14345615
3293,0.14345615
3294,0.14345615
3298,0.14345615
3305,0.14345615
3306,0.14345615
3307,0.14345615
3310,0.14345615
3313,0.14345615
3314,0.14345615
3315,0.14345615
3316,0.14345615
3321,0.14345615
3325,0.14345615
3326,0.14345615
3327,0.14345615
3330,0.14345615
3331,0.14345615
3332,0.14345615
3333,0.14345615
3343,0.14345615
3344,0.14345615
3348,0.14345615
3349,0.14345615
3350,0.14345615
3352,0.14345615
3353,0.14345615
3354,0.14345615
3358,0.14345615
3360,0.14345615
3366,0.14345615
3371,0.14345615
3374,0.14345615
3375,0.14345615
3378,0.14345615
3382,0.14345615
3384,0.14345615
3385,0.14345615
3386,0.14345615
3392,0.14345615
3399,0.14345615
3407,0.14345615
3409,0.14345615
3416,0.14345615
3420,0.14345615
3422,0.14345615
3424,0.14345615
3426,0.14345615
3427,0.14345615
3434,0.14345615
3438,0.14345615
3441,0.14345615
3442,0.14345615
3443,0.14345615
3444,0.14345615
3449,0.14345615
3453,0.14345615
3454,0.14345615
3456,0.14345615
3457,0.14345615
3458,0.14345615
3461,0.14345615
3467,0.14345615
3479,0.14345615
3488,0.14345615
3491,0.14345615
3496,0.14345615
3502,0.14345615
3507,0.14345615
3511,0.14345615
3515,0.14345615
3516,0.14345615
3538,0.14345615
3539,0.14345615
3541,0.14345615
3545,0.14345615
3546,0.14345615
3547,0.14345615
3551,0.14345615
3553,0.14345615
3556,0.14345615
3558,0.14345615
3559,0.14345615
3561,0.14345615
3562,0.14345615
3563,0.14345615
3564,0.14345615
3571,0.14345615
3574,0.14345615
3576,0.14345615
3577,0.14345615
3579,0.14345615
3580,0.14345615
3586,0.14345615
3590,0.14345615
3599,0.14345615
3600,0.14345615
3601,0.14345615
3605,0.14345615
3606,0.14345615
3612,0.14345615
3614,0.14345615
3615,0.14345615
3616,0.14345615
3620,0.14345615
3622,0.14345615
3624,0.14345615
3630,0.14345615
3644,0.14345615
3649,0.14345615
3651,0.14345615
3654,0.14345615
3665,0.14345615
3668,0.14345615
3671,0.14345615
3672,0.14345615
3673,0.14345615
3677,0.14345615
3678,0.14345615
3687,0.14345615
3688,0.14345615
3693,0.14345615
3698,0.14345615
3699,0.14345615
3701,0.14345615
3703,0.14345615
3706,0.14345615
3707,0.14345615
3709,0.14345615
3711,0.14345615
3714,0.14345615
3716,0.14345615
3720,0.14345615
3728,0.14345615
3731,0.14345615
3732,0.14345615
3733,0.14345615
3734,0.14345615
3740,0.14345615
3746,0.14345615
3749,0.14345615
3751,0.14345615
3755,0.14345615
3757,0.14345615
3762,0.14345615
3767,0.14345615
3769,0.14345615
3779,0.14345615
3781,0.14345615
3782,0.14345615
3783,0.14345615
3784,0.14345615
3790,0.14345615
3791,0.14345615
3792,0.14345615
3794,0.14345615
3799,0.14345615
3801,0.14345615
3804,0.14345615
3808,0.14345615
3809,0.14345615
3811,0.14345615
3813,0.14345615
3817,0.14345615
3818,0.14345615
3823,0.14345615
3843,0.14345615
3844,0.14345615
3846,0.14345615
3847,0.14345615
3852,0.14345615
3854,0.14345615
3856,0.14345615
3863,0.14345615
3865,0.14345615
3867,0.14345615
3871,0.14345615
3872,0.14345615
3878,0.14345615
3880,0.14345615
3881,0.14345615
3882,0.14345615
3883,0.14345615
3884,0.14345615
3885,0.14345615
3886,0.14345615
3890,0.14345615
3891,0.14345615
3898,0.14345615
3902,0.14345615
3909,0.14345615
3910,0.14345615
3912,0.14345615
3915,0.14345615
3918,0.14345615
3920,0.14345615
3925,0.14345615
3928,0.14345615
3929,0.14345615
3930,0.14345615
3931,0.14345615
3934,0.14345615
3939,0.14345615
3941,0.14345615
3942,0.14345615
3943,0.14345615
3946,0.14345615
3963,0.14345615
3965,0.14345615
3966,0.14345615
3971,0.14345615
3972,0.14345615
3974,0.14345615
3976,0.14345615
3978,0.14345615
3981,0.14345615
3985,0.14345615
3986,0.14345615
3987,0.14345615
3988,0.14345615
3991,0.14345615
3999,0.14345615
4001,0.14345615
4002,0.14345615
4004,0.14345615
4007,0.14345615
4009,0.14345615
4013,0.14345615
4015,0.14345615
4016,0.14345615
4023,0.14345615
4031,0.14345616
4035,0.14345615
4036,0.14345615
4037,0.14345615
4040,0.14345615
4048,0.14345615
4053,0.14345615
4056,0.14345615
4059,0.14345615
4066,0.14345615
4067,0.14345615
4069,0.14345615
4070,0.14345615
4071,0.14345615
4073,0.14345615
4074,0.14345616
4075,0.14345615
4082,0.14345615
4090,0.14345615
4099,0.14345615
4102,0.14345615
4106,0.14345615
4109,0.14345615
4110,0.14345615
4115,0.14345615
4118,0.14345615
4120,0.14345615
4125,0.14345615
4126,0.14345615
4130,0.14345615
4134,0.14345615
4136,0.14345615
4137,0.14345615
4144,0.14345615
4148,0.14345615
4151,0.14345615
4155,0.14345615
4162,0.14345615
4165,0.14345615
4169,0.14345615
4174,0.14345615
4179,0.14345615
4185,0.14345615
4186,0.14345615
4187,0.14345615
4188,0.14345615
4190,0.14345615
4192,0.14345615
4193,0.14345615
4194,0.14345615
4195,0.14345615
4196,0.14345615
4207,0.14345615
4208,0.14345615
4215,0.14345615
4217,0.14345615
4222,0.14345615
4223,0.14345615
4226,0.14345615
4228,0.14345615
4229,0.14345615
4231,0.14345615
4234,0.14345615
4236,0.14345615
4249,0.14345615
4254,0.14345615
4258,0.14345615
4259,0.14345615
4263,0.14345615
4267,0.14345615
4277,0.14345615
4278,0.14345615
4280,0.14345615
4283,0.14345615
4285,0.14345615
4286,0.14345615
4287,0.14345615
4290,0.14345615
4291,0.14345615
4294,0.14345615
4302,0.14345615
4308,0.14345615
4310,0.14345615
4311,0.14345615
4315,0.14345615
4316,0.14345615
4319,0.14345615
4331,0.14345615
4338,0.14345615
4339,0.14345615
4340,0.14345615
4344,0.14345615
4346,0.14345615
4347,0.14345615
4360,0.14345615
4364,0.14345615
4367,0.14345615
4369,0.14345615
4370,0.14345615
4371,0.14345615
4380,0.14345615
4386,0.14345615
4389,0.14345615
4390,0.14345615
4394,0.14345615
4399,0.14345615
4400,0.14345615
4404,0.14345615
4409,0.14345615
4414,0.14345615
4417,0.14345615
4418,0.14345615
4419,0.14345615
4420,0.14345615
4422,0.14345615
4429,0.14345615
4431,0.14345615
4433,0.14345615
4434,0.14345615
4439,0.14345615
4443,0.14345615
4446,0.14345615
4447,0.14345615
4453,0.14345615
4460,0.14345615
4461,0.14345615
4462,0.14345615
4467,0.14345615
4469,0.14345615
4473,0.14345615
4474,0.14345615
4475,0.14345615
4477,0.14345615
4481,0.14345615
4483,0.14345615
4484,0.14345615
4485,0.14345615
4495,0.14345615
4497,0.14345615
4500,0.14345615
4501,0.14345615
4502,0.14345615
4505,0.14345615
4506,0.14345615
4510,0.14345615
4512,0.14345615
4513,0.14345615
4532,0.14345615
4535,0.14345615
4536,0.14345615
4540,0.14345615
4545,0.14345615
4552,0.14345615
4554,0.14345615
4555,0.14345615
4558,0.14345615
4559,0.14345615
4560,0.14345615
4566,0.14345615
4570,0.14345615
4572,0.14345615
4574,0.14345615
4581,0.14345615
4583,0.14345615
4586,0.14345615
4591,0.14345615
4594,0.14345615
4603,0.14345615
4605,0.14345615
4612,0.14345615
4613,0.14345615
4615,0.14345615
4618,0.14345615
4621,0.14345615
4623,0.14345615
4626,0.14345615
4629,0.14345615
4633,0.14345615
4636,0.14345615
4638,0.14345615
4640,0.14345615
4643,0.14345615
4645,0.14345615
4647,0.14345615
4648,0.14345615
4651,0.14345615
4652,0.14345615
4653,0.14345615
4654,0.14345615
4660,0.14345615
4662,0.14345615
4663,0.14345615
4665,0.14345615
4668,0.14345615
4676,0.14345615
4683,0.14345615
4685,0.14345615
4686,0.14345615
4701,0.14345615
4718,0.14345615
4721,0.14345615
4727,0.14345615
4728,0.14345615
4733,0.14345615
4741,0.14345615
4743,0.14345615
4746,0.14345615
4751,0.14345615
4756,0.14345615
4761,0.14345615
4763,0.14345615
4764,0.14345615
4767,0.14345615
4772,0.14345615
4776,0.14345615
4780,0.14345615
4781,0.14345615
4792,0.14345615
4796,0.14345615
4801,0.14345615
4804,0.14345615
4805,0.14345615
4806,0.14345615
4811,0.14345615
4815,0.14345615
4816,0.14345615
4817,0.14345615
4818,0.14345615
4822,0.14345615
4824,0.14345615
4827,0.14345615
4837,0.14345615
4838,0.14345615
4839,0.14345615
4841,0.14345615
4851,0.14345615
4855,0.14345615
4861,0.14345615
4862,0.14345615
4863,0.14345615
4865,0.14345615
4871,0.14345615
4873,0.14345615
4880,0.14345615
4885,0.14345615
4886,0.14345615
4902,0.14345615
4904,0.14345615
4907,0.14345615
4916,0.14345615
4921,0.14345615
4925,0.14345615
4927,0.14345615
4928,0.14345615
4930,0.14345615
4932,0.14345615
4933,0.14345615
4937,0.14345615
4939,0.14345615
4941,0.14345615
4942,0.14345615
4947,0.14345615
4949,0.14345615
4950,0.14345615
4956,0.14345615
4960,0.14345615
4963,0.14345615
4965,0.14345615
4976,0.14345615
4977,0.14345615
4987,0.14345615
4991,0.14345615
4994,0.14345615
4999,0.14345615
5003,0.14345615
5006,0.14345615
5009,0.14345615
5011,0.14345615
5012,0.14345615
5014,0.14345615
5020,0.14345615
5021,0.14345615
5023,0.14345615
5026,0.14345615
5030,0.14345615
5031,0.14345615
5036,0.14345615
5042,0.14345615
5045,0.14345615
5048,0.14345615
5051,0.14345615
5053,0.14345615
5054,0.14345615
5057,0.14345615
5058,0.14345615
5066,0.14345615
5070,0.14345615
5077,0.14345615
5081,0.14345615
5084,0.14345615
5086,0.14345615
5090,0.14345615
5091,0.14345615
5093,0.14345615
5100,0.14345615
5108,0.14345615
5111,0.14345615
5112,0.14345615
5118,0.14345615
5121,0.14345615
5123,0.14345615
5129,0.14345615
5133,0.14345615
5143,0.14345615
5147,0.14345615
5151,0.14345615
5156,0.14345615
5158,0.14345615
5161,0.14345615
5163,0.14345615
5167,0.14345615
5173,0.14345615
5205,0.14345615
5214,0.14345615
5215,0.14345616
5216,0.14345615
5217,0.14345615
5225,0.14345616
5237,0.14345615
5239,0.14345615
5240,0.14345615
5241,0.14345616
5246,0.14345615
5250,0.14345615
5253,0.14345616
5258,0.14345615
5261,0.14345615
5268,0.14345615
5275,0.14345615
5277,0.14345615
5279,0.14345615
5288,0.14345615
5289,0.14345615
5294,0.14345615
5303,0.14345615
5307,0.14345615
5311,0.14345615
5312,0.14345615
5314,0.14345616
5318,0.14345615
5327,0.14345615
5329,0.14345615
5333,0.14345615
5334,0.14345615
5340,0.14345615
5348,0.14345615
5358,0.14345615
5360,0.14345615
5361,0.14345615
5363,0.14345615
5364,0.14345615
5369,0.14345615
5370,0.14345615
5374,0.14345615
5376,0.14345615
5388,0.14345615
5390,0.14345615
5393,0.14345615
5394,0.14345615
5395,0.14345615
5398,0.14345615
5399,0.14345615
5401,0.14345615
5402,0.14345615
5405,0.14345615
5414,0.14345615
5415,0.14345615
5419,0.14345615
5421,0.14345615
5422,0.14345615
5424,0.14345615
5427,0.14345615
5429,0.14345615
5431,0.14345615
5433,0.14345615
5434,0.14345615
5435,0.14345615
5436,0.14345615
5438,0.14345615
5440,0.14345615
5441,0.14345615
5447,0.14345615
5451,0.14345615
5453,0.14345615
5456,0.14345615
5457,0.14345615
5463,0.14345615
5464,0.14345615
5470,0.14345615
5472,0.14345615
5474,0.14345615
5478,0.14345615
5483,0.14345615
5490,0.14345615
5500,0.14345615
5504,0.14345615
5508,0.14345615
5511,0.14345615
5512,0.14345615
5513,0.14345615
5516,0.14345615
5523,0.14345615
5527,0.14345615
5530,0.14345615
5533,0.14345615
5536,0.14345615
5537,0.14345615
5542,0.14345615
5543,0.14345615
5546,0.14345615
5549,0.14345615
5550,0.14345615
5551,0.14345615
5562,0.14345615
5566,0.14345615
5568,0.14345615
5571,0.14345615
5572,0.14345615
5574,0.14345615
5583,0.14345615
5585,0.14345615
5591,0.14345615
5596,0.14345615
5597,0.14345615
5601,0.14345615
5606,0.14345615
5607,0.14345615
5610,0.14345615
5615,0.14345615
5616,0.14345615
5623,0.14345615
5630,0.14345615
5636,0.14345615
5637,0.14345615
5639,0.14345615
5640,0.14345615
5643,0.14345615
5648,0.14345615
5649,0.14345615
5660,0.14345615
5666,0.14345615
5667,0.14345615
5678,0.14345615
5679,0.14345615
5681,0.14345615
5682,0.14345615
5691,0.14345615
5696,0.14345615
5697,0.14345615
5700,0.14345615
5701,0.14345615
5702,0.14345615
5708,0.14345615
5709,0.14345615
5718,0.14345615
5723,0.14345615
5725,0.14345615
5728,0.14345615
5731,0.14345615
5735,0.14345615
5737,0.14345615
5738,0.14345615
5742,0.14345615
5747,0.14345615
5749,0.14345615
5750,0.14345615
5755,0.14345615
5756,0.14345615
5761,0.14345615
5762,0.14345615
5767,0.14345615
5768,0.14345615
5770,0.14345615
5773,0.14345615
5774,0.14345615
5779,0.14345615
5782,0.14345615
5785,0.14345615
5786,0.14345615
5787,0.14345615
5788,0.14345615
5796,0.14345615
5802,0.14345615
5806,0.14345615
5809,0.14345615
5810,0.14345615
5811,0.14345615
5813,0.14345615
5820,0.14345615
5823,0.14345615
5830,0.14345615
5831,0.14345615
5838,0.14345615
5839,0.14345615
5844,0.14345615
5846,0.14345615
5851,0.14345615
5852,0.14345615
5857,0.14345615
5859,0.14345615
5860,0.14345615
5862,0.14345615
5865,0.14345615
5866,0.14345615
5871,0.14345615
5872,0.14345615
5877,0.14345615
5878,0.14345615
5879,0.14345615
5880,0.14345615
5895,0.14345615
5897,0.14345615
5910,0.14345615
5914,0.14345615
5915,0.14345615
5917,0.14345615
5924,0.14345615
5926,0.14345615
5931,0.14345615
5936,0.14345615
5940,0.14345615
5941,0.14345615
5945,0.14345615
5946,0.14345615
5948,0.14345615
5951,0.14345615
5967,0.14345615
5968,0.14345615
5969,0.14345615
5970,0.14345615
5971,0.14345615
5973,0.14345615
5976,0.14345615
5977,0.14345615
5984,0.14345615
5986,0.14345615
5993,0.14345615
5994,0.14345615
6005,0.14345615
6006,0.14345615
6008,0.14345615
6010,0.14345615
6011,0.14345615
6014,0.14345615
6016,0.14345615
6018,0.14345615
6021,0.14345615
6025,0.14345615
6028,0.14345615
6029,0.14345615
6035,0.14345615
6040,0.14345615
6042,0.14345615
6044,0.14345615
6046,0.14345615
6052,0.14345615
6054,0.14345615
6062,0.14345615
6063,0.14345615
6067,0.14345615
6068,0.14345615
6077,0.14345615
6079,0.14345615
6080,0.14345615
6081,0.14345615
6082,0.14345615
6089,0.14345615
6095,0.14345615
6101,0.14345615
6107,0.14345615
6114,0.14345615
6117,0.14345615
6121,0.14345615
6122,0.14345615
6124,0.14345615
6129,0.14345615
6131,0.14345615
6136,0.14345615
6139,0.14345615
6142,0.14345615
6143,0.14345615
6144,0.14345615
6149,0.14345615
6155,0.14345615
6157,0.14345615
6158,0.14345615
6161,0.14345615
6168,0.14345616
6172,0.14345615
6176,0.14345615
6177,0.14345616
6179,0.14345615
6180,0.14345615
6182,0.14345615
6186,0.14345615
6189,0.14345615
6190,0.14345615
6194,0.14345615
6204,0.14345615
6205,0.14345615
6209,0.14345615
6210,0.14345615
6212,0.14345615
6214,0.14345615
6221,0.14345615
6225,0.14345615
6228,0.14345615
6229,0.14345615
6231,0.14345615
6235,0.14345615
6236,0.14345615
6237,0.14345615
6238,0.14345615
6239,0.14345615
6242,0.14345615
6249,0.14345615
6250,0.14345615
6251,0.14345615
6252,0.14345615
6260,0.14345615
6264,0.14345615
6266,0.14345615
6270,0.14345615
6275,0.14345615
6279,0.14345615
6280,0.14345615
6284,0.14345615
6285,0.14345615
6286,0.14345615
6287,0.14345615
6288,0.14345615
6289,0.14345615
6290,0.14345615
6291,0.14345615
6295,0.14345615
6298,0.14345615
6307,0.14345615
6308,0.14345615
6309,0.14345615
6313,0.14345615
6316,0.14345615
6319,0.14345615
6321,0.14345615
6324,0.14345615
6327,0.14345615
6333,0.14345615
6351,0.14345615
6352,0.14345615
6353,0.14345615
6357,0.14345615
6359,0.14345615
6360,0.14345615
6364,0.14345615
6367,0.14345615
6368,0.14345615
6377,0.14345615
6378,0.14345615
6379,0.14345615
6381,0.14345615
6390,0.14345615
6401,0.14345615
6408,0.14345615
6409,0.14345615
6411,0.14345615
6419,0.14345615
6424,0.14345615
6426,0.14345615
6428,0.14345615
6431,0.14345615
6432,0.14345615
6433,0.14345615
6435,0.14345615
6437,0.14345615
6439,0.14345615
6442,0.14345615
6444,0.14345615
6447,0.14345615
6456,0.14345615
6457,0.14345615
6460,0.14345615
6468,0.14345615
6471,0.14345615
6475,0.14345615
6476,0.14345615
6479,0.14345615
6483,0.14345615
6487,0.14345615
6488,0.14345615
6489,0.14345615
6496,0.14345615
6498,0.14345615
6502,0.14345615
6503,0.14345615
6507,0.14345615
6508,0.14345615
6509,0.14345615
6517,0.14345615
6521,0.14345615
6522,0.14345615
6524,0.14345615
6526,0.14345615
6531,0.14345615
6533,0.14345615
6538,0.14345615
6539,0.14345615
6544,0.14345615
6557,0.14345615
6558,0.14345615
6562,0.14345615
6563,0.14345615
6564,0.14345615
6574,0.14345615
6578,0.14345615
6581,0.14345615
6584,0.14345615
6587,0.14345615
6589,0.14345615
6590,0.14345615
6592,0.14345615
6595,0.14345615
6599,0.14345615
6600,0.14345615
6606,0.14345615
6609,0.14345615
6612,0.14345615
6615,0.14345615
6618,0.14345615
6620,0.14345615
6623,0.14345615
6633,0.14345615
6639,0.14345615
6640,0.14345615
6641,0.14345615
6645,0.14345615
6650,0.14345615
6651,0.14345615
6652,0.14345615
6657,0.14345615
6659,0.14345615
6666,0.14345615
6671,0.14345615
6673,0.14345615
6674,0.14345615
6677,0.14345615
6680,0.14345615
6684,0.14345615
6685,0.14345615
6691,0.14345615
6692,0.14345615
6696,0.14345615
6698,0.14345615
6704,0.14345615
6705,0.14345615
6710,0.14345615
6713,0.14345615
6715,0.14345615
6717,0.14345615
6718,0.14345615
6720,0.14345615
6728,0.14345615
6732,0.14345615
6733,0.14345615
6739,0.14345615
6740,0.14345615
6741,0.14345615
6743,0.14345615
6747,0.14345615
6750,0.14345615
6752,0.14345615
6753,0.14345615
6755,0.14345615
6761,0.14345615
6763,0.14345616
6768,0.14345615
6770,0.14345615
6771,0.14345615
6777,0.14345615
6778,0.14345615
6780,0.14345615
6782,0.14345615
6786,0.14345615
6791,0.14345616
6797,0.14345615
6798,0.14345615
6803,0.14345615
6805,0.14345615
6812,0.14345615
6816,0.14345615
6818,0.14345615
6822,0.14345615
6825,0.14345615
6826,0.14345615
6827,0.14345615
6829,0.14345615
6831,0.14345615
6836,0.14345615
6838,0.14345615
6840,0.14345615
6842,0.14345615
6846,0.14345615
6851,0.14345615
6853,0.14345615
6856,0.14345615
6859,0.14345615
6865,0.14345615
6866,0.14345615
6868,0.14345615
6869,0.14345615
6871,0.14345615
6873,0.14345615
6886,0.14345615
6887,0.14345615
6888,0.14345615
6889,0.14345615
6891,0.14345615
6894,0.14345615
6895,0.14345615
6899,0.14345615
6901,0.14345615
6902,0.14345615
6904,0.14345615
6906,0.14345615
6922,0.14345615
6923,0.14345615
6924,0.14345615
6927,0.14345615
6934,0.14345615
6938,0.14345615
6941,0.14345615
6942,0.14345615
6944,0.14345615
6947,0.14345615
6952,0.14345615
6957,0.14345615
6958,0.14345615
6964,0.14345615
6968,0.14345615
6969,0.14345615
6976,0.14345615
6982,0.14345615
6986,0.14345615
6987,0.14345615
6989,0.14345615
6991,0.14345615
6993,0.14345615
6995,0.14345615
6997,0.14345615
7000,0.14345615
7003,0.14345615
7004,0.14345615
7007,0.14345615
7011,0.14345615
7014,0.14345615
7016,0.14345615
7017,0.14345615
7020,0.14345615
7022,0.14345615
7028,0.14345615
7033,0.14345615
7034,0.14345615
7035,0.14345615
7038,0.14345615
7040,0.14345615
7041,0.14345615
7042,0.14345615
7045,0.14345615
7049,0.14345616
7055,0.14345615
7057,0.14345615
7062,0.14345615
7064,0.14345615
7066,0.14345615
7067,0.14345615
7072,0.14345615
7079,0.14345615
7082,0.14345615
7083,0.14345615
7084,0.14345615
7085,0.14345616
7087,0.14345615
7090,0.14345615
7094,0.14345615
7096,0.14345615
7099,0.14345615
7100,0.14345615
7101,0.14345615
7102,0.14345615
7103,0.14345615
7107,0.14345615
7110,0.14345615
7113,0.14345615
7117,0.14345615
7119,0.14345615
7123,0.14345615
7127,0.14345615
7133,0.14345615
7139,0.14345615
7143,0.14345615
7145,0.14345615
7151,0.14345615
7152,0.14345615
7153,0.14345615
7156,0.14345615
7162,0.14345615
7170,0.14345615
7172,0.14345615
7177,0.14345615
7181,0.14345615
7182,0.14345615
7189,0.14345615
7190,0.14345615
7200,0.14345615
7207,0.14345615
7209,0.14345615
7212,0.14345615
7216,0.14345615
7217,0.14345615
7219,0.14345615
7220,0.14345615
7222,0.14345615
7225,0.14345615
7233,0.14345615
7237,0.14345615
7238,0.14345615
7239,0.14345615
7240,0.14345615
7243,0.14345615
7245,0.14345615
7246,0.14345615
7249,0.14345615
7257,0.14345615
7258,0.14345615
7259,0.14345615
7262,0.14345615
7263,0.14345615
7269,0.14345615
7271,0.14345615
7273,0.14345615
7276,0.14345615
7279,0.14345615
7282,0.14345615
7284,0.14345615
7293,0.14345615
7298,0.14345615
7303,0.14345615
7304,0.14345615
7305,0.14345615
7308,0.14345615
7313,0.14345615
7314,0.14345615
7321,0.14345615
7322,0.14345615
7327,0.14345615
7333,0.14345615
7336,0.14345615
7339,0.14345615
7341,0.14345615
7346,0.14345615
7347,0.14345615
7349,0.14345615
7351,0.14345615
7353,0.14345615
7363,0.14345615
7364,0.14345615
7368,0.14345615
7370,0.14345615
7375,0.14345615
7376,0.14345615
7379,0.14345615
7382,0.14345615
7384,0.14345615
7385,0.14345615
7387,0.14345615
7388,0.14345615
7389,0.14345615
7394,0.14345615
7396,0.14345615
7398,0.14345615
7399,0.14345615
7401,0.14345615
7404,0.14345615
7406,0.14345615
7409,0.14345615
7411,0.14345615
7417,0.14345615
7420,0.14345615
7422,0.14345615
7423,0.14345615
7427,0.14345615
7429,0.14345615
7432,0.14345615
7435,0.14345615
7436,0.14345615
7440,0.14345615
7441,0.14345615
7445,0.14345615
7448,0.14345615
7449,0.14345615
7450,0.14345615
7454,0.14345615
7455,0.14345615
7460,0.14345615
7462,0.14345615
7464,0.14345615
7466,0.14345615
7468,0.14345615
7469,0.14345615
7471,0.14345615
7472,0.14345615
7483,0.14345615
7484,0.14345615
7485,0.14345615
7486,0.14345615
7487,0.14345615
7489,0.14345615
7492,0.14345615
7495,0.14345615
7499,0.14345615
7500,0.14345615
7506,0.14345615
7508,0.14345615
7509,0.14345615
7511,0.14345615
7516,0.14345615
7524,0.14345615
7538,0.14345615
7539,0.14345615
7541,0.14345615
7546,0.14345615
7549,0.14345615
7562,0.14345615
7564,0.14345615
7567,0.14345615
7572,0.14345615
7574,0.14345615
7575,0.14345615
7586,0.14345615
7592,0.14345615
7596,0.14345615
7597,0.14345615
7599,0.14345615
7606,0.14345615
7615,0.14345615
7618,0.14345615
7620,0.14345615
7624,0.14345615
7625,0.14345615
7629,0.14345615
7632,0.14345615
7636,0.14345615
7637,0.14345615
7646,0.14345615
7655,0.14345615
7658,0.14345615
7660,0.14345615
7664,0.14345615
7665,0.14345615
7666,0.14345615
7667,0.14345615
7673,0.14345615
7676,0.14345615
7682,0.14345615
7684,0.14345615
7690,0.14345615
7697,0.14345615
7700,0.14345615
7704,0.14345615
7705,0.14345615
7706,0.14345615
7708,0.14345615
7709,0.14345615
7710,0.14345615
7713,0.14345615
7716,0.14345615
7726,0.14345615
7729,0.14345615
7730,0.14345615
7732,0.14345615
7734,0.14345615
7740,0.14345615
7741,0.14345615
7745,0.14345615
7757,0.14345615
7762,0.14345615
7770,0.14345615
7776,0.14345615
7777,0.14345615
7778,0.14345615
7779,0.14345615
7782,0.14345615
7786,0.14345615
7791,0.14345615
7792,0.14345615
7794,0.14345615
7795,0.14345615
7796,0.14345615
7798,0.14345615
7805,0.14345615
7806,0.14345615
7808,0.14345615
7811,0.14345615
7814,0.14345615
7819,0.14345615
7820,0.14345615
7825,0.14345615
7829,0.14345615
7834,0.14345615
7836,0.14345615
7838,0.14345615
7841,0.14345615
7845,0.14345615
7846,0.14345615
7853,0.14345615
7856,0.14345615
7858,0.14345615
7859,0.14345615
7866,0.14345615
7875,0.14345615
7879,0.14345615
7884,0.14345615
7886,0.14345615
7890,0.14345615
7892,0.14345615
7896,0.14345615
7899,0.14345615
7900,0.14345615
7901,0.14345615
7904,0.14345615
7911,0.14345615
7917,0.14345615
7919,0.14345616
7920,0.14345615
7921,0.14345615
7922,0.14345615
7925,0.14345615
7927,0.14345615
7928,0.14345615
7931,0.14345615
7942,0.14345615
7946,0.14345615
7947,0.14345615
7948,0.14345615
7951,0.14345616
7956,0.14345615
7961,0.14345615
7964,0.14345615
7966,0.14345615
7967,0.14345615
7974,0.14345615
7975,0.14345615
7979,0.14345615
7985,0.14345615
7986,0.14345615
7993,0.14345615
7995,0.14345615
7997,0.14345615
7998,0.14345615
8004,0.14345615
8007,0.14345615
8011,0.14345615
8014,0.14345615
8022,0.14345615
8027,0.14345615
8033,0.14345615
8041,0.14345615
8042,0.14345615
8046,0.14345615
8048,0.14345615
8050,0.14345615
8051,0.14345615
8052,0.14345615
8053,0.14345615
8054,0.14345615
8059,0.14345615
8063,0.14345615
8072,0.14345615
8075,0.14345615
8076,0.14345615
8077,0.14345615
8078,0.14345615
8080,0.14345615
8082,0.14345615
8086,0.14345615
8090,0.14345615
8092,0.14345615
8093,0.14345615
8099,0.14345615
8104,0.14345615
8107,0.14345615
8108,0.14345615
8114,0.14345615
8115,0.14345615
8117,0.14345615
8123,0.14345615
8124,0.14345615
8127,0.14345615
8132,0.14345615
8134,0.14345615
8139,0.14345615
8145,0.14345615
8148,0.14345615
8151,0.14345615
8152,0.14345615
8153,0.14345615
8157,0.14345615
8160,0.14345615
8166,0.14345615
8167,0.14345615
8173,0.14345615
8174,0.14345615
8178,0.14345615
8179,0.14345615
8185,0.14345615
8186,0.14345615
8192,0.14345615
8193,0.14345615
8194,0.14345615
8197,0.14345615
8198,0.14345615
8199,0.14345615
8200,0.14345615
8206,0.14345615
8207,0.14345615
8220,0.14345615
8222,0.14345615
8227,0.14345615
8228,0.14345615
8229,0.14345615
8230,0.14345615
8233,0.14345615
8248,0.14345615
8249,0.14345615
8255,0.14345615
8260,0.14345615
8263,0.14345615
8265,0.14345615
8268,0.14345615
8269,0.14345615
8272,0.14345615
8273,0.14345615
8275,0.14345615
8277,0.14345615
8281,0.14345615
8282,0.14345615
8290,0.14345615
8293,0.14345615
8299,0.14345615
8302,0.14345615
8303,0.14345615
8305,0.14345615
8306,0.14345615
8307,0.14345615
8308,0.14345615
8313,0.14345615
8316,0.14345615
8319,0.14345615
8322,0.14345615
8323,0.14345615
8325,0.14345615
8326,0.14345615
8327,0.14345615
8328,0.14345615
8331,0.14345615
8333,0.14345615
8336,0.14345615
8338,0.14345615
8340,0.14345615
8342,0.14345615
8343,0.14345615
8353,0.14345615
8354,0.14345615
8357,0.14345615
8358,0.14345615
8359,0.14345615
8373,0.14345615
8376,0.14345615
8379,0.14345615
8380,0.14345615
8381,0.14345615
8384,0.14345615
8395,0.14345615
8398,0.14345615
8403,0.14345615
8407,0.14345615
8413,0.14345615
8417,0.14345615
8420,0.14345615
8421,0.14345615
8424,0.14345615
8426,0.14345615
8427,0.14345615
8438,0.14345615
8439,0.14345615
8442,0.14345615
8449,0.14345615
8456,0.14345615
8460,0.14345615
8462,0.14345615
8465,0.14345615
8466,0.14345615
8467,0.14345615
8469,0.14345615
8470,0.14345615
8474,0.14345616
8479,0.14345615
8481,0.14345615
8482,0.14345615
8485,0.14345615
8488,0.14345616
8492,0.14345615
8493,0.14345615
8495,0.14345615
8499,0.14345615
8501,0.14345615
8519,0.14345615
8521,0.14345615
8525,0.14345615
8527,0.14345615
8529,0.14345615
8532,0.14345615
8534,0.14345615
8535,0.14345615
8537,0.14345615
8544,0.14345615
8548,0.14345615
8549,0.14345615
8552,0.14345615
8554,0.14345615
8563,0.14345615
8564,0.14345615
8565,0.14345616
8566,0.14345615
8568,0.14345616
8569,0.14345615
8573,0.14345616
8583,0.14345615
8588,0.14345615
8590,0.14345615
8592,0.14345615
8593,0.14345615
8594,0.14345615
8597,0.14345615
8600,0.14345615
8601,0.14345615
8602,0.14345615
8603,0.14345615
8604,0.14345615
8605,0.14345615
8611,0.14345615
8614,0.14345615
8616,0.14345615
8617,0.14345615
8619,0.14345615
8626,0.14345615
8629,0.14345615
8630,0.14345615
8632,0.14345615
8634,0.14345615
8641,0.14345615
8645,0.14345615
8649,0.14345615
8652,0.14345615
8666,0.14345615
8671,0.14345615
8672,0.14345615
8675,0.14345615
8678,0.14345615
8679,0.14345615
8682,0.14345615
8687,0.14345615
8701,0.14345615
8703,0.14345615
8707,0.14345615
8713,0.14345615
8716,0.14345615
8719,0.14345615
8725,0.14345615
8730,0.14345615
8731,0.14345615
8748,0.14345615
8749,0.14345615
8756,0.14345615
8764,0.14345616
8765,0.14345615
8769,0.14345615
8771,0.14345615
8772,0.14345615
8773,0.14345615
8779,0.14345615
8792,0.14345615
8794,0.14345615
8796,0.14345615
8798,0.14345615
8803,0.14345615
8807,0.14345615
8809,0.14345615
8811,0.14345615
8813,0.14345615
8814,0.14345615
8818,0.14345615
8819,0.14345615
8820,0.14345615
8821,0.14345615
8822,0.14345615
8824,0.14345615
8826,0.14345615
8827,0.14345615
8828,0.14345615
8833,0.14345615
8834,0.14345615
8845,0.14345616
8847,0.14345615
8849,0.14345615
8861,0.14345615
8867,0.14345615
8868,0.14345615
8870,0.14345615
8873,0.14345615
8874,0.14345615
8876,0.14345615
8877,0.14345615
8879,0.14345615
8882,0.14345615
8884,0.14345615
8889,0.14345615
8891,0.14345615
8894,0.14345615
8895,0.14345615
8897,0.14345615
8898,0.14345615
8901,0.14345615
8904,0.14345615
8909,0.14345615
8910,0.14345615
8911,0.14345615
8915,0.14345615
8917,0.14345615
8918,0.14345615
8919,0.14345615
8922,0.14345615
8925,0.14345615
8928,0.14345615
8929,0.14345615
8930,0.14345615
8932,0.14345615
8937,0.14345615
8940,0.14345615
8943,0.14345615
8950,0.14345615
8951,0.14345615
8954,0.14345615
8958,0.14345615
8960,0.14345615
8964,0.14345615
8975,0.14345615
8977,0.14345615
8981,0.14345615
8982,0.14345615
8984,0.14345615
8988,0.14345615
8990,0.14345615
8991,0.14345615
8995,0.14345615
8997,0.14345615
9003,0.14345615
9004,0.14345615
9010,0.14345615
9011,0.14345615
9013,0.14345615
9014,0.14345615
9015,0.14345615
9017,0.14345615
9019,0.14345615
9021,0.14345615
9024,0.14345615
9032,0.14345615
9035,0.14345615
9036,0.14345615
9037,0.14345616
9043,0.14345615
9046,0.14345615
9048,0.14345615
9049,0.14345615
9050,0.14345615
9056,0.14345615
9063,0.14345615
9065,0.14345615
9066,0.14345615
9068,0.14345615
9069,0.14345615
9070,0.14345615
9073,0.14345615
9076,0.14345615
9091,0.14345615
9092,0.14345615
9104,0.14345615
9105,0.14345615
9108,0.14345615
9111,0.14345615
9115,0.14345615
9117,0.14345615
9122,0.14345615
9125,0.14345615
9127,0.14345615
9129,0.14345615
9133,0.14345615
9136,0.14345615
9138,0.14345615
9140,0.14345615
9147,0.14345615
9150,0.14345615
9152,0.14345615
9153,0.14345615
9155,0.14345615
9158,0.14345615
9160,0.14345615
9163,0.14345615
9165,0.14345615
9167,0.14345615
9168,0.14345615
9170,0.14345615
9176,0.14345615
9178,0.14345615
9184,0.14345615
9186,0.14345615
9188,0.14345615
9189,0.14345615
9190,0.14345615
9196,0.14345615
9198,0.14345615
9199,0.14345615
9200,0.14345615
9201,0.14345615
9202,0.14345615
9204,0.14345615
9205,0.14345615
9213,0.14345615
9214,0.14345615
9224,0.14345615
9227,0.14345615
9228,0.14345615
9229,0.14345615
9234,0.14345615
9236,0.14345615
9241,0.14345615
9243,0.14345615
9245,0.14345615
9256,0.14345615
9258,0.14345615
9261,0.14345615
9274,0.14345615
9279,0.14345615
9282,0.14345615
9284,0.14345615
9285,0.14345615
9291,0.14345615
9295,0.14345615
9299,0.14345615
9302,0.14345615
9304,0.14345615
9305,0.14345615
9306,0.14345615
9310,0.14345615
9312,0.14345615
9316,0.14345615
9318,0.14345615
9323,0.14345615
9326,0.14345615
9327,0.14345615
9328,0.14345615
9331,0.14345615
9335,0.14345615
9336,0.14345615
9340,0.14345615
9349,0.14345615
9352,0.14345615
9353,0.14345615
9354,0.14345615
9356,0.14345615
9357,0.14345615
9358,0.14345615
9359,0.14345615
9364,0.14345615
9366,0.14345615
9369,0.14345615
9370,0.14345615
9379,0.14345615
9381,0.14345615
9383,0.14345615
9389,0.14345615
9390,0.14345615
9392,0.14345615
9394,0.14345615
9398,0.14345615
9399,0.14345615
9400,0.14345615
9407,0.14345615
9409,0.14345615
9412,0.14345615
9413,0.14345615
9415,0.14345615
9419,0.14345615
9423,0.14345615
9424,0.14345615
9426,0.14345615
9427,0.14345615
9428,0.14345615
9429,0.14345615
9433,0.14345615
9437,0.14345615
9440,0.14345615
9442,0.14345615
9443,0.14345615
9444,0.14345615
9447,0.14345615
9459,0.14345615
9461,0.14345615
9462,0.14345615
9464,0.14345615
9473,0.14345615
9475,0.14345615
9476,0.14345615
9477,0.14345615
9478,0.14345615
9479,0.14345615
9483,0.14345615
9487,0.14345615
9494,0.14345615
9497,0.14345615
9498,0.14345615
9506,0.14345615
9512,0.14345615
9514,0.14345615
9515,0.14345615
9516,0.14345615
9517,0.14345615
9518,0.14345615
9521,0.14345615
9523,0.14345615
9527,0.14345615
9528,0.14345615
9530,0.14345615
9532,0.14345615
9534,0.14345615
9535,0.14345615
9536,0.14345615
9543,0.14345615
9544,0.14345615
9545,0.14345615
9546,0.14345615
9549,0.14345615
9558,0.14345615
9560,0.14345615
9561,0.14345615
9570,0.14345615
9573,0.14345615
9578,0.14345615
9584,0.14345615
9587,0.14345615
9588,0.14345615
9599,0.14345615
9601,0.14345615
9604,0.14345615
9614,0.14345615
9615,0.14345615
9621,0.14345615
9622,0.14345615
9623,0.14345615
9624,0.14345615
9626,0.14345615
9628,0.14345615
9630,0.14345615
9631,0.14345615
9633,0.14345615
9635,0.14345615
9637,0.14345615
9641,0.14345615
9647,0.14345615
9648,0.14345615
9649,0.14345615
9658,0.14345615
9662,0.14345615
9668,0.14345615
9671,0.14345615
9676,0.14345615
9677,0.14345615
9679,0.14345615
9682,0.14345615
9685,0.14345615
9689,0.14345615
9692,0.14345615
9693,0.14345615
9694,0.14345615
9696,0.14345615
9700,0.14345615
9711,0.14345615
9713,0.14345615
9720,0.14345615
9721,0.14345615
9725,0.14345615
9726,0.14345615
9727,0.14345615
9735,0.14345615
9740,0.14345615
9742,0.14345615
9743,0.14345615
9747,0.14345615
9748,0.14345615
9751,0.14345615
9758,0.14345615
9767,0.14345615
9768,0.14345615
9773,0.14345615
9777,0.14345615
9781,0.14345615
9784,0.14345615
9786,0.14345615
9789,0.14345615
9792,0.14345615
9793,0.14345615
9798,0.14345615
9799,0.14345615
9802,0.14345615
9803,0.14345615
9804,0.14345615
9805,0.14345615
9807,0.14345615
9809,0.14345615
9811,0.14345615
9814,0.14345615
9817,0.14345615
9821,0.14345615
9824,0.14345615
9825,0.14345615
9827,0.14345615
9839,0.14345615
9840,0.14345615
9843,0.14345615
9844,0.14345615
9845,0.14345615
9847,0.14345615
9848,0.14345615
9851,0.14345615
9852,0.14345615
9855,0.14345615
9856,0.14345615
9863,0.14345615
9867,0.14345615
9871,0.14345615
9876,0.14345615
9879,0.14345615
9882,0.14345615
9891,0.14345615
9892,0.14345615
9893,0.14345615
9895,0.14345615
9899,0.14345615
9900,0.14345615
9902,0.14345615
9903,0.14345615
9904,0.14345615
9908,0.14345615
9913,0.14345615
9914,0.14345615
9917,0.14345615
9922,0.14345615
9924,0.14345615
9926,0.14345615
9927,0.14345615
9928,0.14345615
9929,0.14345615
9936,0.14345615
9939,0.14345615
9947,0.14345615
9951,0.14345615
9954,0.14345615
9956,0.14345615
9957,0.14345615
9959,0.14345615
9962,0.14345615
9964,0.14345615
9966,0.14345615
9968,0.14345615
9969,0.14345615
9970,0.14345615
9975,0.14345615
9977,0.14345615
9981,0.14345615
9993,0.14345615
9996,0.14345615
9997,0.14345615
9999,0.14345615
10002,0.14345616
10007,0.14345615
10015,0.14345615
10019,0.14345615
10022,0.14345615
10024,0.14345615
10026,0.14345615
10033,0.14345615
10043,0.14345615
10046,0.14345615
10051,0.14345615
10053,0.14345615
10062,0.14345615
10063,0.14345615
10065,0.14345615
10068,0.14345615
10078,0.14345615
10086,0.14345615
10094,0.14345615
10095,0.14345615
10096,0.14345615
10097,0.14345615
10103,0.14345615
10104,0.14345615
10108,0.14345615
10122,0.14345615
10123,0.14345615
10128,0.14345615
10131,0.14345615
10133,0.14345615
10134,0.14345615
10135,0.14345615
10145,0.14345615
10148,0.14345615
10154,0.14345615
10155,0.14345615
10158,0.14345615
10160,0.14345615
10161,0.14345615
10162,0.14345615
10165,0.14345615
10166,0.14345615
10167,0.14345615
10170,0.14345615
10178,0.14345615
10180,0.14345615
10181,0.14345615
10185,0.14345615
10188,0.14345615
10190,0.14345615
10196,0.14345615
10200,0.14345615
10205,0.14345615
10211,0.14345615
10216,0.14345615
10219,0.14345615
10221,0.14345615
10225,0.14345615
10227,0.14345615
10228,0.14345615
10230,0.14345615
10232,0.14345615
10233,0.14345615
10235,0.14345615
10238,0.14345615
10240,0.14345615
10242,0.14345615
10248,0.14345615
10254,0.14345615
10257,0.14345615
10261,0.14345615
10262,0.14345615
10266,0.14345615
10267,0.14345615
10271,0.14345615
10277,0.14345615
10279,0.14345615
10281,0.14345615
10282,0.14345615
10285,0.14345615
10292,0.14345615
10298,0.14345615
10300,0.14345615
10309,0.14345615
10311,0.14345615
10312,0.14345615
10319,0.14345615
10324,0.14345615
10326,0.14345615
10328,0.14345615
10343,0.14345615
10346,0.14345615
10347,0.14345615
10353,0.14345615
10354,0.14345615
10356,0.14345615
10357,0.14345615
10362,0.14345615
10363,0.14345615
10370,0.14345615
10373,0.14345615
10386,0.14345615
10388,0.14345615
10389,0.14345615
10391,0.14345615
10397,0.14345615
10400,0.14345615
10403,0.14345615
10404,0.14345615
10408,0.14345615
10417,0.14345615
10425,0.14345615
10435,0.14345615
10437,0.14345615
10438,0.14345615
10440,0.14345615
10442,0.14345615
10447,0.14345615
10452,0.14345615
10453,0.14345615
10454,0.14345615
10459,0.14345615
10460,0.14345615
10463,0.14345615
10465,0.14345615
10469,0.14345615
10474,0.14345615
10475,0.14345615
10476,0.14345615
10477,0.14345615
10480,0.14345615
10491,0.14345615
10493,0.14345615
10494,0.14345615
10495,0.14345615
10497,0.14345615
10501,0.14345615
10504,0.14345615
10507,0.14345615
10509,0.14345615
10510,0.14345615
10512,0.14345615
10514,0.14345615
10526,0.14345615
10528,0.14345615
10530,0.14345615
10531,0.14345615
10532,0.14345615
10538,0.14345615
10539,0.14345615
10542,0.14345615
10547,0.14345615
10549,0.14345615
10556,0.14345615
10569,0.14345615
10572,0.14345615
10577,0.14345615
10579,0.14345615
10586,0.14345615
10594,0.14345615
10595,0.14345615
10597,0.14345615
10602,0.14345615
10604,0.14345615
10614,0.14345615
10617,0.14345616
10618,0.14345615
10619,0.14345615
10624,0.14345615
10633,0.14345615
10634,0.14345615
10635,0.14345615
10638,0.14345615
10639,0.14345615
10642,0.14345615
10643,0.14345615
10645,0.14345615
10646,0.14345615
10649,0.14345615
10652,0.14345615
10653,0.14345615
10654,0.14345615
10661,0.14345615
10664,0.14345615
10668,0.14345615
10670,0.14345615
10674,0.14345615
10683,0.14345615
10694,0.14345615
10697,0.14345615
10699,0.14345615
10701,0.14345615
10703,0.14345615
10713,0.14345615
10714,0.14345615
10716,0.14345615
10717,0.14345615
10719,0.14345615
10725,0.14345615
10728,0.14345615
10734,0.14345615
10738,0.14345615
10740,0.14345615
10742,0.14345615
10756,0.14345615
10757,0.14345615
10758,0.14345615
10761,0.14345615
10762,0.14345615
10773,0.14345615
10778,0.14345615
10781,0.14345615
10791,0.14345615
10792,0.14345615
10796,0.14345615
10797,0.14345615
10801,0.14345615
10804,0.14345615
10806,0.14345615
10807,0.14345615
10816,0.14345615
10820,0.14345615
10828,0.14345615
10836,0.14345615
10838,0.14345615
10845,0.14345615
10856,0.14345615
10857,0.14345615
10858,0.14345615
10861,0.14345615
10865,0.14345615
10868,0.14345615
10874,0.14345615
10875,0.14345615
